iter,n,p,d,m,f0,f1,f3,q,r,b
0,1,0,0,0,1,1,1,1,1,1
1,2,1,1,1,4,2,7,2,10,0
2,3,2,2,4,24,8,63,6,143,1
3,4,2,20,60,192,48,693,12,1221,0
4,5,3,112,560,1920,384,9009,60,21249,1
5,6,3,1504,7520,23040,3840,135135,60,274815,0
6,7,4,14208,113664,322560,46080,2297295,420,5639631,1
7,8,4,244992,2204928,5160960,645120,43648605,840,90945117,0
8,9,4,3274752,36022272,92897280,10321920,916620705,2520,1826620833,1
9,10,4,69267456,761942016,1857945600,185794560,21082276215,2520,38618333559,0
10,11,5,1199554560,16793763840,40874803200,3715891200,527056905375,27720,1129082889375,1
11,12,5,30106091520,421485281280,980995276800,81749606400,14230536445125,27720,28218286333125,0
12,13,6,640796590080,11534338621440,25505877196800,1961990553600,412685556908625,360360,915660945621585,1
13,14,6,18622701895680,335208634122240,714164561510400,51011754393600,12793252264167375,360360,26435665650141135,0
14,15,6,470423898685440,8467630176337920,21424936845312000,1428329123020800,422177324717523375,360360,888640364800590255,1
15,16,6,15541046083584000,295279875588096000,685597979049984000,42849873690624000,14776206365113318125,720720,28827658089741286125,0
16,17,7,454463600984064000,10452662822633472000,23310331287699456000,1371195958099968000,546719635509192770625,12252240,1176745390297425986625,1
17,18,7,16822958391558144000,386928043005837312000,839171926357180416000,46620662575398912000,21322065784858518054375,12252240,43482016069074330150375,0
18,19,8,559005839520694272000,15093157667058745344000,31888533201572855808000,1678343852714360832000,874204697179199240229375,232792560,1949108731388102309925375,1
19,20,8,22920565754500743168000,618855275371520065536000,1275541328062914232320000,63777066403145711616000,37590801978705567329863125,232792560,79618709350954794004039125,0
20,21,8,853045563776884015104000,23032230221975868407808000,53572735778642397757440000,2551082656125828464640000,1691586089041750529843840625,232792560,3646178444668408408220288625,1
21,22,8,38378996334754957099008000,1036232901038383841673216000,2357200374260265501327360000,107145471557284795514880000,79504546184962274902660509375,232792560,164046464471162701120525725375,0
22,23,9,1581530367171933316841472000,50608971749501866138927104000,108431217215972213061058560000,4714400748520531002654720000,3895722763063151470230364959375,5354228880,8579324645847249570923012895375,1
23,24,9,77464797638429463577362432000,2478873524429742834475597824000,5204698426366666226930810880000,216862434431944426122117120000,198681860916220724981748612928125,5354228880,419473677973111519770620870464125,0
24,25,9,3501447852212669825591279616000,119049226975230774070103506944000,260234921318333311346540544000000,10409396852733332453861621760000,10530138628559698424032676485190625,26771144400,21966179870351003943424076486726625,1
25,26,9,185481789463366823733425602560000,6306380841754472006936470487040000,13532215908553332190020108288000000,520469842636666622693081088000000,579157624570783413321797206685484375,26771144400,1164450264981491088151571868563244375,0
26,27,9,9124583209458408211445050245120000,328484995540502695612021808824320000,730739659061879938261085847552000000,27064431817106664380040216576000000,33011984600534654559342440781072609375,80313433200,65594612345766211213916627918014689375,1
27,28,9,519791925127860707798072929812480000,18712509304602985480730625473249280000,40921420907465276542620807462912000000,1461479318123759876522171695104000000,1947707091431544619001204006083283953125,80313433200,3746628931263390195014308747245964273125,0
28,29,10,27646868489036439760169912374394880000,1133521608050494030166966407350190080000,2373442412632986039472006832848896000000,81842841814930553085241614925824000000,118810132577324221759073444371080321140625,2329089562800,242802213035573422689577486920950913140625,1
29,30,10,1685361214179044059175096532640727040000,69099809781340806426178957838269808640000,142406544757979162368320409970933760000000,4746884825265972078944013665697792000000,7485038352371425970821626995378060231859375,2329089562800,14815711850035261565035772208644455367859375,0
30,31,11,96374788025476671471561778292745830400000,4433240249171926887691841801466308198400000,8829205774994708066835865418197893120000000,284813089515958324736640819941867520000000,486527492904142688103405754699573915070859375,72201776446800,1018439321528699210779832612324095690584459375,1
31,32,11,6260049947095511955973471074092109004800000,294222347513489061930753140482329123225600000,565069169599661316277495386764665159680000000,17658411549989416133671730836395786240000000,32597342024577560102928185564871452309747578125,144403552893600,65369807497004402878883997365034112720729978125,0
32,33,11,382984785064123349048630417905499190067200000,18000284898013797405285629641558461933158400000,37294565193577646874314695526467900538880000000,1130138339199322632554990773529330319360000000,2249216599695851647102044803976130209372582890625,144403552893600,4583824515459077432854561776050172280664896490625,1
33,34,11,26407134153431463669764598355292276863795200000,1241135305211278792478936122698737012598374400000,2536030433163279987453399295799817236643840000000,74589130387155293748629391052935801077760000000,159694378578405466944245181082305244865453385234375,144403552893600,316376689060597611536155225027535951974954722834375,0
34,35,11,1721095992046184235795363297106939025660313600000,80891511626170659082382074964026134206034739200000,177522130321429599121737950705987206565068800000000,5072060866326559974906798591599634473287680000000,11657689636223599086929898219008282875178097122109375,144403552893600,23349994498349930831691959183785572630621218478909375,1
35,36,11,125548780309559456480582229389085366269509632000000,5900792674549294454587364781287012214666952704000000,12781593383142931136765132450831078872684953600000000,355044260642859198243475901411974413130137600000000,874326722716769931519742366425621215638357284158203125,144403552893600,1706903608456599970063252254440453281258535392574203125,0
36,37,12,8684467921645421668358444614602171958274555904000000,451592331925561926754639119959312941830276907008000000,945837910352576904120619801361499836578686566400000000,25563186766285862273530264901662157745369907200000000,67323157649191284727020162214772833604153510880181640625,5342931457063200,138494520942681441467721380336687746447924501832629640625,1
37,38,12,668213812968047065732055166382222882657687044096000000,34747118274338447418066868651875589898199726292992000000,71883681186795844713167104903473987579980179046400000000,1891675820705153808241239602722999673157373132800000000,5318529454286111493434592814967053854728127359534349609375,5342931457063200,10666194513679976703929026835197223120904512556025101609375,0
38,39,12,48892573964866423187394953042325939408826842218496000000,2542413846173054005744537558200948849258995795361792000000,5606927132570075887627034182470971031238453965619200000000,143767362373591689426334209806947975159960358092800000000,430800885797175030968202018012331362232978316122282318359375,5342931457063200,872090799038346181959281531907214556438020292639349070359375,1
39,40,12,3957388131633172698043140547108371249048454051135488000000,205784182844924980298243308449635304950519610659045376000000,448554170605606071010162734597677682499076317249536000000000,11213854265140151775254068364941942062476907931238400000000,35756473521165527570360767495023503065337200238149432423828125,5342931457063200,70715351758703604632877164860341605432329365987180082279828125,0
40,41,13,305377196265513664068197175403727757861399416159600640000000,17406500187134278851887238998012482198099766721097236480000000,36781441989659697822833344237009569964924258014461952000000000,897108341211212142020325469195355364998152634499072000000000,3039300249299069843480665237076997760553662020242701756025390625,219060189739591200,6313665413925865649570557022467505593147001048821338678905390625,1
41,42,13,25938038434983332595612493852301031509632904759586324480000000,1478468190794049957949912149581158796049075571296420495360000000,3089641127131414617118000915908803877053637673214803968000000000,73562883979319395645666688474019139929848516028923904000000000,264419121689019076382817875625698805168168595761115052774208984375,219060189739591200,536707347930033703782224877135070823857939590985321859650368984375,0
42,43,14,2105232344559280542385782795119267506879315483776327352320000000,132629637707234674170304316092513852933396875477908623196160000000,265709136933301657072148078768157133426612839896473141248000000000,6179282254262829234236001831817607754107275346429607936000000000,23533301830322697798070790930687193659967005022739239696904599609375,9419588158802421600,49616883678631826446832168415113276636637334048777885235065239609375,1
43,44,14,187229263886360955879413322212074613345728406951193760235520000000,11795443624840740220403039299360700640780889637925206894837760000000,23382404050130545822349030931597827741541929910889636429824000000000,531418273866603314144296157536314266853225679792946282496000000000,2141530466559365499624441974692534623056997457069270812418318564453125,9419588158802421600,4412574709916167397605856334611011534806161350570299001275621604453125,0
44,45,14,15944756948133160803244076197126251707570874131912104618229760000000,1004519687732389130604376800418953857576965070310462590948474880000000,2104416364511749124011412783843804496738773691980067278684160000000000,46764808100261091644698061863195655483083859821779272859648000000000,199162333390020991465073103646405719944300763507442185554903626494140625,9419588158802421600,414742082038775550172852156397676445220015253354684704351097910014140625,1
45,46,14,1481792933432245563936664919604558309164462531693868688500326400000000,93352954806231470528009889935087173477361139496713727375520563200000000,193606305535080919409049976113630013699967179662166189638942720000000000,4208832729023498248022825567687608993477547383960134557368320000000000,18920421672051994189181944846408543394708572533207007627715844516943359375,9419588158802421600,38570078414906486169865801737402940078339356405635690231346587249743359375,0
46,47,15,132116117146743093634150347035931755449653005531875784784661708800000000,8983895965978530367122223598443359370576404376167553365356996198400000000,18198992720297606424450697754681221287796914888243621826060615680000000000,387212611070161838818099952227260027399934359324332379277885440000000000,1835280902189043436350648650101628709286731535721079739888436918143505859375,442720643463713815200,3908677671910835549249555335255147640661346400938195143546751301503505859375,1
47,48,15,12806127622864012640428232573604845039667316879320656149036086067200000000,870816678354752859549119815005129462697377547793804618134453852569600000000,1747103301148570216747266984449397243628503829271387695301819105280000000000,36397985440595212848901395509362442575593829776487243652121231360000000000,181692809316715300198714216360061242219386422036386894248955254896207080078125,442720643463713815200,378857299445324205568297329485021492928889835368843086611612436756047080078125,0
48,49,15,1192990266354350000632208931556702681232468590638295746655343031091200000000,84702308911158850044886834140525890367505269935318998012529355207475200000000,171216123512559881241232164476040929875593375268595994139578272317440000000000,3494206602297140433494533968898794487257007658542775390603638210560000000000,18350973740988245320070135852366185464158028625675076319144480744516915087890625,3099044504245996706400,37816582026303477339247835177857069353477852325662400447730487094258995087890625,1
49,50,15,120407252705023440495451009261455657248038929541095758562827255257497600000000,8548914942056664275177021657563351664610763997417798857960735123282329600000000,17121612351255988124123216447604092987559337526859599413957827231744000000000000,342432247025119762482464328952081859751186750537191988279156544634880000000000,1890150295321789267967223992793717102808276948444532860871881516685242254052734375,3099044504245996706400,3819007212391637133980117820552883900471705992568937985971227241089118094052734375,0
50,51,15,11698293023477224287062636597193483865052706203572383868003568981114880000000000,830578804666882924381447198400737354418742140453639254628253397659156480000000000,1746404459828110788660568077655617484731052427739679140223698377637888000000000000,34243224702511976248246432895208185975118675053719198827915654463488000000000000,198465781008787873136558519243340295794869079586675950391547559251950436675537109375,3099044504245996706400,404526553420064142599360717075688325115138894226034924650522679747165028675537109375,1
51,52,15,1227469113097188853528635365808943540210494707818102353364279690537205760000000000,87150307029900408600533110972434991354945124255085267088863858028141608960000000000,181626063822123522020699080076184218412029452484926630583264631274340352000000000000,3492808919656221577321136155311234969462104855479358280447396755275776000000000000,21235838567940302425611761559037411650050991515774326691895588839958696724282470703125,3099044504245996706400,42492883846190502945149104607380987737894965367488633478135762820353413908282470703125,0
52,53,16,124163978842451419189656941888818893212429344757603286469437691060593623040000000000,9560626370868759277603584525439054777357059546335453058146702211665708974080000000000,19252362765145093334194102488075527151675121963402222841826050915080077312000000000000,363252127644247044041398160152368436824058904969853261166529262548680704000000000000,2314706403905492964391682009935077869855558075219401609416619183555497942946789306640625,164249358725037825439200,4795790920840234482878854608370014797680982053988494674038532451629576237454309306640625,1
53,54,16,13524633884944097478145034000367171117341569449275801626926924514971604746240000000000,1041396809140695505817167618028272176035300847594236725273373187652813565460480000000000,2079255178635670080092963068712156932380913172047440066917213498828648349696000000000000,38504725530290186668388204976151054303350243926804445683652101830160154624000000000000,256932410833509719047476703102793643553966946349353578645244729374660271667093613037109375,164249358725037825439200,522624153424223210062080338477868141178443701409373634106067849035673976431386733037109375,0
54,55,16,1422155734043672340971275467063503426369539256594982130024455745786773157969920000000000,109505991521362770254788210963889763830454522757813624011883092425581533163683840000000000,228718069649923708810225937558337262561900448925218407360893484871151318466560000000000000,4158510357271340160185926137424313864761826344094880133834426997657296699392000000000000,29033362424186598252364867450615681721598264937476954386912654419336610698381578273193359375,164249358725037825439200,59551654425098198522556925458794241396848422036332578924259314885402475735917875233193359375,1
55,56,16,160595641102075297667026227514409690765411144569542914436524559034202344076083200000000000,12365864364859797920361019518609546188936658131854804411612391045633580493858406400000000000,25616423800791455386745305006533773406932850279624461624420070305568947668254720000000000000,457436139299847417620451875116674525123800897850436814721786969742302636933120000000000000,3338836678781458799021959756820803397983800467809849754494955258223710230313881501417236328125,164249358725037825439200,6730979894379963110416336841729405565790825657638882000973721148767164226959337783017236328125,0
56,57,16,17529275664132585921086485606497210840602247293938369602168963642088359899588198400000000000,1349754226138209115923659391700285234726373041633254459367010200440803712268291276800000000000,2920272313290225914088964770744850168390344931877188625183888014834860034181038080000000000000,51232847601582910773490610013067546813865700559248923248840140611137895336509440000000000000,390643891417430679485569291548033997564104654733752421275909765212174096946724135665816650390625,164249358725037825439200,792696521728346979815887468583442620582081458636199567725030485697052515356387317285016650390625,1
57,58,16,2049570273312697705777349969153749582642521892068223057896101995809210923889564057600000000000,157816911045077723344855947624838717863474185689253175457999853677309241139496432435200000000000,338751588341666206034319913406402619533280012097753880521331009720843763965000417280000000000000,5840544626580451828177929541489700336780689863754377250367776029669720068362076160000000000000,46486623078674250858782745694216045710128453913316538131833262060248717536660172144232181396484375,164249358725037825439200,92805900466600902427285520934296404537598745473892718628046038007393555379989192264500981396484375,0
58,59,17,231909607077692482041994666880345251249751849616159497465580055484198747102827354521600000000000,19248497387448476009485557351068655853729403518141238289643144605188496009534670425292800000000000,39972687424316612312049749781955509104927041427534957901517059147059564147870049239040000000000000,677503176683332412068639826812805239066560024195507761042662019441687527930000834560000000000000,5624881392519584353912712229000141530925542923511301113951824709290094821935880829452093948974609375,9690712164777231700912800,11614172313174475745353763841526442120521660279326086081783386011890833513914805306625034748974609375,1
59,60,17,28042836811851045293024010518693544886537278278902328461981108566577139686063628668108800000000000,2327555455383636759320992873051564225582594097148893262344432011025902593943281179453030400000000000,4796722490917993477445969973834661092591244971304194948182047097647147697744405908684800000000000000,79945374848633224624099499563911018209854082855069915803034118294119128295740098478080000000000000,691860411279908875531263604167017408303841779591890037016074439242681663098113342022607555723876953125,9690712164777231700912800,1405449684549337967069381986293332402869341882222772224223145199276221498096638388770588970123876953125,0
60,61,18,3285195042573492210538781762679314368174619310613209499634698909695137634031895341694976000000000000,289097163746467314527412795115779664399366499333962435967853504053172111794806790069157888000000000000,585200143891995204248408336807828653296131886499111783678209745912952019124817520859545600000000000000,9593444981835986954891939947669322185182489942608389896364094195294295395488811817369600000000000000,86482551409988609441407950520877176037980222448986254627009304905335207887264167752825944465484619140625,591133442051411133755680800,182419916977139645711010506029101048440532207890494643285164727267903897862187644528911563153484619140625,1
61,62,18,410387240175802036640623314994545675102486045837419948851797361178101086747380043504156672000000000000,36114077135470579224374851719520019409018772033692955498958167783672895633769443828365787136000000000000,72564817842607405326802633764170753008720353925889861176098008493206050371477372586583654400000000000000,1170400287783990408496816673615657306592263772998223567356419491825904038249635041719091200000000000000,10983284029068553399058809716151401356823488251021254337630181722977571401682549304608894947116546630859375,591133442051411133755680800,22793324018180885056245411098618239043126800784093051777023490112866313536699918222271483940652546630859375,0
62,63,18,49717617494015462134940474385708006406116005910841850090266453294258630718425490352796336128000000000000,4375150339473360667874761745942304563738208520154082807943447889894759503221443151046077579264000000000000,9143167048168533071177131854285514879098764594662122508188349070143962346806148945909540454400000000000000,145129635685214810653605267528341506017440707851779722352196016986412100742954745173167308800000000000000,1416843639749843388478586453383530775030229984381741809554293442264106710817048860294547448178034515380859375,591133442051411133755680800,2961681053367079247148554368486730917207050152522346672433641424664848432138493537830309419722098515380859375,1
63,64,18,6409549439931163039656105040127550313188057452617852833725769132062999571264566529625505660928000000000000,570449900153873510529393348571351977873737113282988902201593452753606961842546421136670003822592000000000000,1170325382165572233110672877348545904524641868116751681048108680978427180391187065076421178163200000000000000,18286334096337066142354263708571029758197529189324245016376698140287924693612297891819080908800000000000000,185606516807229483890694825393242531528960127954008177051612440936597979117033400698585715711322521514892578125,1182266884102822267511361600,379966172979019870007029392717053363763853268520147317397883374881439729926792969335065096197679513514892578125,0
64,65,18,802135994214851802933627181427755410329873824745760917700521750763776020428252217900245643689984000000000000,71390103485121810461092819147070231519358770402372721675346435817976065818114447393121862288408576000000000000,152142299681524390304387474055310967588203442855177718536254128527195533450854318459934753161216000000000000000,2340650764331144466221345754697091809049283736233503362096217361956854360782374130152842356326400000000000000,24685666735361521357462411777301256693351697017883087547864454644567531222565442292911900189605895361480712890625,1182266884102822267511361600,50849378302995957226689879967571255179657370892591906530798547082354638735573160518559276832395500737480712890625,1
65,66,18,106618330012261878847592879340305295151932880953182422663164044961247737016455162457184776036024320000000000000,9489031371091307217435766261287171268522026404833235617021600001551048594464509458689445067206164480000000000000,20082783557961219520179146575301047721642854456883458846785544965589810415512770036711387417280512000000000000000,304284599363048780608774948110621935176406885710355437072508257054391066901708636919869506322432000000000000000,3332565009273805383257425589935669653602479097414216818961701377016616715046334709543106525596795873799896240234375,1182266884102822267511361600,6764940717819656969346280811676165624413627386278489145405219545365175545065971136822215847020884470279896240234375,0
66,67,19,13769334962255519227273485124809677024878733400109724354465145677830310219270372807428520930432778240000000000000,1308086821414274326590981086856919317363479673010423813674188839393879470830685416705709488391113932800000000000000,2691092996766803415704005641090340394700142497222383485469263025389034595678711184919325913915588608000000000000000,40165567115922439040358293150602095443285708913766917693571089931179620831025540073422774834561024000000000000000,456561406270511337506267305821186742543539636345747704197753088651276489961347855207405594006761034710585784912109375,79211881234889091923261227200,955826635572774338676069169899451751462074915886265145715774869795527490031485157532521123621096392457785784912109375,1
67,68,19,1885256452058162015495005299875098816777035984528469981191900610760441190213255496268844579512553308160000000000000,179099362945525391472025503488134387593818418530204648213230558022241913070259272145540235053692564275200000000000000,365988647560285264535744767188286293679219379622244154023819771452908705012304721149028324292520050688000000000000000,5382185993533606831408011282180680789400284994444766970938526050778069191357422369838651827831177216000000000000000,63462035471601075913371155509144957213552009452058930883487679322527432104627351873829377566939783824771424102783203125,79211881234889091923261227200,130929067217529390089373809704899795310381756406285192481110385370998143995705758964088577782156506419792224102783203125,0
68,69,19,251012691486376427275912709500832758292276608901427150471159957012641932677645325122724210985876072693760000000000000,23846205691205760591211707402579112037766277845635579294760195916200983604376305886658800043658226905907200000000000000,50506433363319366505932777871983508527732274387869693255287128460501401291698051518565908752367766994944000000000000000,731977295120570529071489534376572587358438759244488308047639542905817410024609442298056648585040101376000000000000000,8948147001495751703785332926789438967110833332740309254571762784476367926752456614209942236938509519292770798492431640625,79211881234889091923261227200,18572489191128763438999639366244426099988558084486824394321985432968818711875606787328408480782653491435055598492431640625,1
69,70,19,35371728720240517493147443445491493231692610787641435073067713610650404119539664309233997764635938133114880000000000000,3360314228422849161849007127321691857010798024825936331941432793011788391356268109377229787640414122645913600000000000000,7070900670864711310830588902077691193882518414301757055740197984470196180837727212599227225331487379292160000000000000000,101012866726638733011865555743967017055464548775739386510574256921002802583396103037131817504735533989888000000000000000,1279585021213892493641302608530889772296849166581864223403762078180120613525601295832021739882206861258866224184417724609375,79211881234889091923261227200,2619106726935404729423653629217805532907540227182635504695116312296605825528408032095162814888684306908161174584417724609375,0
70,71,20,4851029154107033716028776526624842035381500961494061523718905648570053774152156900255627869544295804646195200000000000000,494804973718917439034935205715733887608913098072394275419328376154145484963520003826074042693518172073911910400000000000000,1004067895262789006137943624095032149531317614830849501915108113794767857678957264189090265997071207859486720000000000000000,14141801341729422621661177804155382387765036828603514111480395968940392361675454425198454450662974758584320000000000000000,185539828076014411577988878236979016983043129154370312393545501336117488961212187895643152282919994882535602506740570068359375,5624043567677125526551547131200,389244996693563038419192245588698321752004935857752402991857396392366438047387092040849641604341209196765526346740570068359375,1
71,72,20,702987941224928210297747444584882951411938173360760250479564998065888028291281734261497611925952979018344038400000000000000,71704770004942677450370239347658061044017693682797545548915629802720578885710736894672756416447203859871091916800000000000000,144585776917841616883863881869684629532509736535642328275775568386446571505769846043228998303578253931766087680000000000000000,2008135790525578012275887248190064299062635229661699003830216227589535715357914528378180531994142415718973440000000000000000,27274354727174118501964365100835915496507339985692435921851188696409270877298191620659543385589239247732733568490863800048828125,5624043567677125526551547131200,56426757492333694275361822109646542891904157126830349012595164129899667925321835280082040140441659276490731873770863800048828125,0
72,73,21,99222127745864084270599744772033080704256461734287777065227143493898340358586655205277475585343086562922568089600000000000000,10715989796553321101224772435379572716059697867303079923044531497341020758727358762169967363217053348795637353676800000000000000,21109523430004876065044126752973955911746421534203779928263232984421199439842397522311433752322425074037848801280000000000000000,289171553835683233767727763739369259065019473071284656551551136772893143011539692086457996607156507863532175360000000000000000,4063878854348943656792690400024551408979593657868172952355827115764981360717430551478271964452796647912177301705138706207275390625,410555180440430163438262940577600,8647427186701079395837025654083674398277438794971381654657274471567340159089162644700658642048265578743992550098149906207275390625,1
73,74,21,14775602204731839537275290500456199041886462886277300108074714086882050835365191352056969432067247146050227116441600000000000000,1595765038111038670025731374049269496523737991717948411672069121383261490219440666022152698663262691773424528575692800000000000000,3124209467640721657626530759440145474938470387062159429382958481694337517096674833302092195343718910957601622589440000000000000000,42219046860009752130088253505947911823492843068407559856526465968842398879684795044622867504644850148075697602560000000000000000,613645707006690492175696250403707262755918642338094115805729894480512185468332013273219066632372293834738772557475944637298583984375,410555180440430163438262940577600,1287689700429280689707648779361083569236815628684891174616232102377696713321192281043672384668453486494960871017538459837298583984375,0
74,75,21,2144570079440302499386654740561569546375703664100632856138531218889701124754363525059808608441307727467357915630796800000000000000,231613568579552669933758711980649511008575995722868348462961371640087721473471260706459329711661234566474654888126054400000000000000,468631420146108248643979613916021821240770558059323914407443772254150627564501224995313829301557836643640243388416000000000000000000,6248418935281443315253061518880290949876940774124318858765916963388675034193349666604184390687437821915203245178880000000000000000,93887793172023645302881526311767211201655552277728399718276673855518364376654798030802517194752960956715032201293819529506683349609375,410555180440430163438262940577600,198412665712874655514088944065266400014053354268105304299793412526320105962799012282187351513897362472745056729921685539106683349609375,1
75,76,21,327933930851326818223251272603115722906232490389219247279545599796843843747347878425575475656883596942018890589798400000000000000000,35416864531943296368111137441136498073873108962035678706190924778059135124713570869962151370943428469738040183698227200000000000000000,71231975862208453793884901315235316828597124825017234989931453382630895389804186199287702053836791169833316995039232000000000000000000,937262840292216497287959227832043642481541116118647828814887544508301255129002449990627658603115673287280486776832000000000000000000,14552607941663665021946636578323917736256610603047901956332884447605346478381493694774390165186708948290829991200542027073535919189453125,410555180440430163438262940577600,30347072038310599446712866446801496807089901598622768277462457562221492755286455055006958016342681899032847065001925143873535919189453125,0
76,77,21,48908694649109459872646234207841546239265797423042677757676043624611962994467875070696844641243191061899590882872524800000000000000000,5282139022103821666245793294446886993840706121688609197829012711458092003402530507635259221254264634685155815350232678400000000000000000,10969724282780101884258274802546238791603957223052654188449443820925157890029844674690306116290865840154330817236041728000000000000000000,142463951724416907587769802630470633657194249650034469979862906765261790779608372398575404107673582339666633990078464000000000000000000,2284759446841195408445621942796855084592287864678520607144262858274039397105894510079579255934313304881660308618485098250545139312744140625,410555180440430163438262940577600,4792984546799434984589126287868669227405881600380064448007872977549015453108540057750854936645454436493566484450126889124145139312744140625,1
77,78,21,7674402927687273727975289870638068754504127052798606844661973624955504091927661133285889478859125005872203629952447283200000000000000000,828835516190225562621331306028911425486445721702249539223493151495194441928187402394876063716785500634197992034864306585600000000000000000,1711276988113695893944290869197213251490217326796214053398113236064324630844655769251687754141375071064075607488822509568000000000000000000,21939448565560203768516549605092477583207914446105308376898887641850315780059689349380612232581731680308661634472083456000000000000000000,363276752047750069942853888904699958450173770483884776535937794465572264139837227102653101693555815476183989070339130621836677150726318359375,410555180440430163438262940577600,752433441166000486056279056261921063717837048330323127286945251760558677451999776886507057170799816035760017485534698137075077150726318359375,0
78,79,22,1175267408153654497795628670214446248119435905790477359390368997851208322560655447443218146469441769235755104638109692723200000000000000000,133980484529516612748701668404446872285615693260114418970502065755037748771914721008526868697516361692876081928744504970444800000000000000000,270381764121963951243197957333159693735454337633801820436901891298163291673455611541766665154337261228123945983233956511744000000000000000000,3422553976227391787888581738394426502980434653592428106796226472128649261689311538503375508282750142128151214977645019136000000000000000000,58487557079687761260799476113656693310477977047905449022285984908957134526513793563527149372662486291665622240324600030115705021266937255859375,32433859254793982911622772305630400,124505776402432273092135679955153698892199880924770151332023500471829897290859584581615210857763801666725588442697494576104517821266937255859375,1
79,80,22,189114804464504802439597911632276933705851307768487850890474528132619564226272872234531842650454549681377457747798976469401600000000000000000,21559087708953547478114161926079570442467049085607615001514096207118630321795107434736630062151818663677030183249083317511782400000000000000000,43261082259514232198911673173305550997672694021408291269904302607706126667752897846682666424693961796499831357317433041879040000000000000000000,540763528243927902486395914666319387470908675267603640873803782596326583346911223083533330308674522456247891966467913023488000000000000000000,9533471803989105085510314606526041009607910258808588190632615540160012927821748350854925347743985265541496425172909804908859918466510772705078125,32433859254793982911622772305630400,20037237166460476490376310050183415598327442407736115504533475438044361159265318910236806947214382541827732193421991071502612596866510772705078125,0
80,81,22,29717605186076840487849269946497990005465300567690452501602120718622803692856748334441561493764053426564145347681368322080768000000000000000000,3447242201584913496590515313793766840633974865852092490185846003360245228371382806795221133276630197481440860331038725361369088000000000000000000,7008295326041305616223691054075499261622976431468143185724497022448392520175969451162591960800421811032972679885424152784404480000000000000000000,86522164519028464397823346346611101995345388042816582539808605215412253335505795693365332849387923592999662714634866083758080000000000000000000,1573022847658202339109201910076796766585305192703417051454381564126402133090588477891062682377757568814346910153530117809961886546974277496337890625,97301577764381948734868316916891200,3296572559895096125011658968373155258343981950461585588095088657365065422324008413764870162899272709773288310817852664682711016274974277496337890625,1
81,82,22,4900774204663476623429405077679285482880724080008669887799352161632306451578299025872898294839164578696391209039016534260842496000000000000000000,568489807740963288317810989010797116014163993281005706984724850749347548383082687001256202201343091128781380248525917974257729536000000000000000000,1149360433470774121060685332868381878906168134760775482458817511681536373308858989990665081571269177009407519501209561056642334720000000000000000000,14016590652082611232447382108150998523245952862936286371448994044896785040351938902325183921600843622065945359770848305568808960000000000000000000,262694815558919790631236718982825060019745967181470647592881721209109156226128275807807467957085513991995933995639529674263635053344704341888427734375,97301577764381948734868316916891200,543836198412148233678787901409896085259475971657679218922342569100288547490204006454681365572129739558218985393938412926137783962400704341888427734375,0
82,83,23,789710378912727555009975050631251820669192796258485575227644760462801473018489101340830136432022147284142212922627863313209360384000000000000000000,96344666227352761711216956177012722121641521143535240177772660776461779708255670363581276644706701968665349976560599324211541966848000000000000000000,190793831956148504096073765256151391898423910370288730088163706939135037969270592338450403540830683383561648237200787135402627563520000000000000000000,2298720866941548242121370665736763757812336269521550964917635023363072746617717979981330163142538354018815039002419122113284669440000000000000000000,44395423829457444616679005508097435143337068453668539443197010884339447402215678611519462084747451864647312845263080514950554324015255033779144287109375,8076030954443701744994070304101969600,94359032499990392338268257510961791455254952354621135605793874304393601022292572336225230212797038033127454625141739867070638604654743033779144287109375,1
83,84,23,133390643766454322373777229070524565988898340448430156452706665260188117267686908802559132810858214803186422384158644432106038493184000000000000000000,16273658539507427329600821946603997050645597534708479087230213161742950306657802873912214202924702205988743530867354620716936696168448000000000000000000,32053363768632948688140392563033433838935216942208506654811502765774686378837459512859667794859554808438356903849732238747641430671360000000000000000000,381587663912297008192147530512302783796847820740577460176327413878270075938541184676900807081661366767123296474401574270805255127040000000000000000000,7591617474837223029452109941884661409510638705577320244786688861222045505778881042569828016491814268854690496539986768056544789406608610776233673095703125,8076030954443701744994070304101969600,15939081541044623828119542797975833470515847372144834828037191061754833887961919404573030966625351295550535970847664527994787593958649058776233673095703125,0
84,85,23,22028040488852029150602426953335824302338073374595688823878392349833333625032859494153033505142518720168195664064250690323009211727872000000000000000000,2687420939639947556373496088306970564885244951700674036513163866679666702254008858286670087627387283860519871015838584219407123830800384000000000000000000,5449071840667601276983866735715683752618986880175446131317955470181696684402368117186143525126124317434520673654454480587099043214131200000000000000000000,64106727537265897376280785126066867677870433884417013309623005531549372757674919025719335589719109616876713807699464477495282861342720000000000000000000,1313349823146839584095215019946046423845340496064876402348097172991413872499746420364580246853083868511861455901417710873782248567343289664288425445556640625,8076030954443701744994070304101969600,2774263149790468402298101092425255700156489976228030840499831931243987733056228468322401695289915759272507880497245520052291273921125291328288425445556640625,1
85,86,23,3808873610642110852978693367193156999075342907565684113368949705003216089013261033031735031463947292045469976698622081832406848855080960000000000000000000,464682580498337524063400590797565153887191834723013461831011864010392362859617846029871673838601569629547337157231893983553635560319877120000000000000000000,937240356594827419641225078543097605450465743390176734586688340871251829717207316156016686321693382598737555868566170660981035432830566400000000000000000000,10898143681335202553967733471431367505237973760350892262635910940363393368804736234372287050252248634869041347308908961174198086428262400000000000000000000,229836219050696927216662628490558124172934586811353370410917005273497427687455623563801543199289676989575754782748099402911893499285075691250474452972412109375,8076030954443701744994070304101969600,479819282605740081977331782507944791049906484496282741698669861532892085655120453260532254802845246050277380481043931765270988031843230320370474452972412109375,0
86,87,23,644228117349107864158367525685791636335721006340946775236823438320189773941476161447086138361546685596951794644854089113999779916645662720000000000000000000,78595830316591159427320838133666579632957962773595506578892459475063152420860091696544508880108695642828118946672198871907973149830770851840000000000000000000,163079822047499971017573163666498983348381039349890751818083771311597818370794073011146903419974648572180334721130513695010700165312518553600000000000000000000,1874480713189654839282450157086195210900931486780353469173376681742503659434414632312033372643386765197475111737132341321962070865661132800000000000000000000,40681010771973356117349285242828787978609421865609546562732309933409044700679645370792873146274272827154908596546413594315405149373458397351333978176116943359375,8076030954443701744994070304101969600,85373042397624117448592765449697129544068229374469731294264513894935882988194721486217539857863361926782230741234862135736747740563302931582373978176116943359375,1
87,88,23,113970173131934423202838399626413939933316386590105092360380654949455524325251266724105021447552510059067087379941743847157923776362006446080000000000000000000,13904361122095999630746284754422500671864599163992821267966439903833573967680654540340812616601406227206184660352892749353266700716164786421760000000000000000000,28702048680359994899092876805303821069315062925580772319982743750841216033259756849961855001915538148703738910918970410321883229095003265433600000000000000000000,326159644094999942035146327332997966696762078699781503636167542623195636741588146022293806839949297144360669442261027390021400330625037107200000000000000000000,7281900928183230745005522058466353048171086513944108834729083478080219001421656521371924293183094836060728638781808033382457521737849053125888782093524932861328125,8076030954443701744994070304101969600,15109877646504884241960869253382571538422381843824134941245708213147261654113001643161455715014270622532934837331263116034855665250254608523152142093524932861328125,0
88,89,24,19732590827125458541664412006915855461566921961158714751790827728480976644502634797420189967929292473251446709427485889709773184309088097402880000000000000000000,2545504216699184151874709148892145354542132932989474202981016776974045987140839888867204505862878729049436625516145679772560740775872364564971520000000000000000000,5108964665104079092038532071344080150338081200753377472956928387649736453920236719293210190340965790469265526143576733037295214778910581247180800000000000000000000,57404097360719989798185753610607642138630125851161544639965487501682432066519513699923710003831076297407477821837940820643766458190006530867200000000000000000000,1318024068001164764845999492582409901718966659023883699085964109532519639257319830368318297066140165326991883619507254042224811434550678615785869558928012847900390625,718766754945489455304472257065075294400,2794577286282384250380361495914724344097432861255891982592089197281717348122252404693697571325518312704813330380907540722711868460300691424738414838928012847900390625,1
89,90,24,3569805264589051610214451090841629914297542234937412770458732823171296274787988507640717524295245136536164992099930429188983393265207687868579840000000000000000000,460504879131987657717664190718570258944382948306926247389176534189097219447650517485652560634086622613165283980891025365378857731211791735046799360000000000000000000,919613639718734236566935772841934427060854616135607945132247109776952561705642609472777834261373842284467794705843811946713138660203904624492544000000000000000000000,10217929330208158184077064142688160300676162401506754945913856775299472907840473438586420380681931580938531052287153466074590429557821162494361600000000000000000000,241198404444213151966817907142581012014570898601370716932731432044451093984089528957402248363103650254839514702369827489727140492522774186688814129283826351165771484375,718766754945489455304472257065075294400,505645050542179181383998338445638772849658579270691374832740083583055771124692973941986405972421088785509760879942632560575686307622231211009563041923826351165771484375,0
90,91,24,632347018295821131654524132208805224272881439887227543736658051395533856553997457936742733992462192995571167525700323787942420358179562653850009600000000000000000000,81572765360160925983433613054935873931201705745452353142028888630023867495465672073839812685027622896428680610815341768644572226205163582346651238400000000000000000000,167369682428809631055182310657232065725075540136680646014068973979405366230426954924045565835570039295773138636463573774301791236157110641657643008000000000000000000000,1839227279437468473133871545683868854121709232271215890264494219553905123411285218945555668522747684568935589411687623893426277320407809248985088000000000000000000000,44621704822179433113861312821377487222695616241253582632555314928223452387056562857119415947174175297145310219938418085599520991116713224537430613917507874965667724609375,718766754945489455304472257065075294400,94040729053721087235188562640300093695966944850601079326850404089467195658394261778837929761886607143167718042711799720858079140849034730700561873207107874965667724609375,1
91,92,24,116926384609276914434257263607686419671786131291746628850336259573541067016238822563432733255150866809762888079089146553298946782509088212249686835200000000000000000000,15083503614596721962019187005391548137660410936635315121693377484986797645094808110682822589914461818459412562202499905375564134943672379380209601740800000000000000000000,30796021566900972114153545160930700093413899385149238866588691212210587386398559706024384113744887230422257509109297574471529587452908358065006313472000000000000000000000,334739364857619262110364621314464131450151080273361292028137947958810732460853909848091131671140078591546277272927147548603582472314221283315286016000000000000000000000,8344258801747553992292065497597590110644080237114419952287843891577785596379577254281330782121570780566173011128484182007110425338825372988499524802573972618579864501953125,718766754945489455304472257065075294400,17394669142274802079921455795188141637158089583458440029347544598458688487370538173198070219847895817856771700546799639406386525984145296710942430759745172618579864501953125,0
92,93,24,21179715403249332993792971882499837088158497077408018416433733813572745598527089441823531787276619414404825129279475818258402625509358009770627091660800000000000000000000,2732183287019163956199293372842478984372446122985634375719951661950884182209994537995235600558683904458222441677052380555333938690707183260410894824243200000000000000000000,5728060011443580813232559399933110217374985285637758429185496565471169253870132105320535445156549024858539896694329348851704503266240954600091174305792000000000000000000000,61592043133801944228307090321861400186827798770298477733177382424421174772797119412048768227489774460844515018218595148943059174905816716130012626944000000000000000000000,1577064913530287704543200379045944530911731164814625370982402495508201477715740101059171517820976877527006699103283510399343870389037995494826410187686480824911594390869140625,718766754945489455304472257065075294400,3302689906798751814194361610650148121121193722502248825778556359935885678991979339838544228309347186877589553193235044138053315584545447786482251169058589624911594390869140625,1
93,94,24,4001019108138177881073799860466831098584308255168189903189851871748951856098835755591225680660940985540141989064201097345005947519646406533466651675852800000000000000000000,516131464949824946658520182000221211717375764916696497511490891455614789436749812471268112805261387134678316589281941557505767230034386442817198066185011200000000000000000000,1076875282151393192887721167187424720866497233699898584686873354308579819727584835800260663689431216673405500578533917584120446614053299464817140769488896000000000000000000000,11456120022887161626465118799866220434749970571275516858370993130942338507740264210641070890313098049717079793388658697703409006532481909200182348611584000000000000000000000,301219398484284951567751272397775405404140652479593445857638876642066482243706359302301759903806583607658279528727150486274679244306257139511844345848117837558114528656005859375,718766754945489455304472257065075294400,624207837192388261395771039865604626674034618498717848070659175245374339691227332739801469213088405421965137506536288677604734569501151040183811342951155482358114528656005859375,0
94,95,24,740735472307090280015409254967898026099099981400344184941321158757860610438840857840509357073943807231829614150681147603157709127161042519091548166448742400000000000000000000,95554875927614646121987793890858845366783897600644399857430429479764018746610470661425707062538751132906020225437868040807344477403774484962809713471887769600000000000000000000,204606303608764706648667021765610696964634474402980731090505937318630165748241118802049526100991931167947045109921444340982884856670126898315256746202890240000000000000000000000,2153750564302786385775442334374849441732994467399797169373746708617159639455169671600521327378862433346811001157067835168240893228106598929634281538977792000000000000000000000,58135343907466995652575995572770653242999145928561535050524303191918831073035327345344239661434670636278047949044340043851013094151107627925785958748686742648716104030609130859375,718766754945489455304472257065075294400,120948966251809430515943230828627719763361078166707261840775795707105731745974580674343559427583702336461678282506879992752124352608526618016795449601744165599116104030609130859375,1
95,96,24,142893490302649939588703200778275474400561990933465192308224766872610675622834932661297299171428185807394437689786485879768205627388704677557028433164238848000000000000000000000,18433260249041842206942712900397536197672496830417009807760994926566777155345706313307351593114235969153882461982456678490098525933142903404856667878186811392000000000000000000000,39284410292882823676544068178997253817209819085372300369377139965176991823662294809993509011390450784245832661104917313468713892480664364476529295270954926080000000000000000000000,409212607217529413297334043531221393929268948805961462181011874637260331496482237604099052201983862335894090219842888681965769713340253796630513492405780480000000000000000000000,11336392061956064152252319136690277382384833456069499334852239122424172059241888832342126733979760774074219350063646308550947553359465987445528261955993914816499640285968780517578125,718766754945489455304472257065075294400,23346654487208469478742699777163714731238331074923746698343138664663655708192243806433353406906860507567182664758183634298630004490838349022811695334228348876787640285968780517578125,0
96,97,25,27026337530891258987733680505897669690978633310419355460998143364903989388087824833364982388712227812683837946219162400233529710745291044294318945675128078336000000000000000000000,3648555566670319963344046868296185408282115496906612987234749354262038567391856352504272622476150754712318122739586924031526510950614290979733057666142290575360000000000000000000000,7621175596819267793249549226725467240538704902562226271659165153244336413790485193138740748209747452143691536254353958812930495141248886708446683282565255659520000000000000000000000,78568820585765647353088136357994507634419638170744600738754279930353983647324589619987018022780901568491665322209834626937427784961328728953058590541909852160000000000000000000000,2233269236205344637993706869927984644329812190845691368965891107117561895670652099971398966594012872492621211962538322784536668011814799526769067605330801218850429136335849761962890625,69720375229712477164533808935312303556800,4716156755048437031684645843946285789490180569380449671731150981481498049669795125367941545177510808387229595409267719522914158130961421857215083615595154396450429136335849761962890625,1
97,98,25,5321678301578669890973422154502142427684274500392099560172394092721727924936362607292793601432953097229156226888727340272242191669547791322050934051516757049344000000000000000000000,718426570713120435281411990857789227737377057552933440623273202517433269866408951984527136193448668125936090629978190936752695875388951828476876096954762201661440000000000000000000000,1493750416976576487476911648438191579145586160902196349245196370035889937102935097855193186649110500620163541105853375927334377047684781794855549923382790109265920000000000000000000000,15242351193638535586499098453450934481077409805124452543318330306488672827580970386277481496419494904287383072508707917625860990282497773416893366565130511319040000000000000000000000,444420578004863582960747667115668944221632625978292582424212330316394817238459767894308394352208561626031621180545126234122796934351145105827044453460829442551235398130834102630615234375,69720375229712477164533808935312303556800,928997981919523615582934953103420413851763315571581900312914310015430234261288609063474675886997206934923777727967116853236347667036038834813715594978346884804035398130834102630615234375,0
98,99,25,1027806595915780763044291643828968981345040392271727061250470911866970000459946100643110064384439312152627237397681850775733608576948869325705089707532153870352384000000000000000000000,138753890448630403010979371916910812481580452956683153268813573102040950062092723586819858691899307140604677048687049854724037157888097358970187110516840772497571840000000000000000000000,295762582561362144520428506390761932670826059858634877150548881267106207546381149375328250956523879122792381138958968433612206655441586795381398884829792441634652160000000000000000000000,2987500833953152974953823296876383158291172321804392698490392740071779874205870195710386373298221001240327082211706751854668754095369563589711099846765580218531840000000000000000000000,89328536178977580175110281090249457788548157821636809067266678393595358264930413346755987264793920886832355857289570373058682183804580166271235935145626717952798315024297654628753662109375,69720375229712477164533808935312303556800,187458968749434918618515990136406407906826662135356636493351245996761144192610679464573732430184278375699670913709519484863788119775511064028243294091221511163473515024297654628753662109375,1
99,100,25,206493206825277744057723568775012241464609169991606350826083633289731839965275198123046179121417204807460520086952713205449923252331245690079318861938132046548303872000000000000000000000,27876582921412495447792681784626652597722237948866857361521290494113798395312151746611234181391322649007170211738616282735739639064718168160708046361647826284021022720000000000000000000000,59152516512272428904085701278152386534165211971726975430109776253421241509276229875065650191304775824558476227791793686722441331088317359076279776965958488326930432000000000000000000000000,591525165122724289040857012781523865341652119717269754301097762534212415092762298750656501913047758245584762277917936867224413310883173590762797769659584883269304320000000000000000000000,18133692844332448775547387061320639931075276037792272240655135713899857727780873909391465414753165940026968239029782785730912483312329773753060894834562223744418057949932423889636993408203125,69720375229712477164533808935312303556800,37681151338619907185730524244774223641352134802079846033522939313467009674008422739675475420949074174746534499063018663222601040827079268075293226462256387521236438749932423889636993408203125,0
